system,t_seconds,hot_set_in_dram_pct
xTier,-219.675,0.0
xTier,-218.675,0.0
xTier,-217.675,0.65
xTier,-216.674,1.79
xTier,-215.674,3.098
xTier,-214.674,4.665
xTier,-213.674,5.7286
xTier,-212.674,6.9325
xTier,-211.674,8.1156
xTier,-210.674,9.166
xTier,-209.674,10.4636
xTier,-208.674,11.545
xTier,-207.673,12.74
xTier,-206.673,13.8579
xTier,-205.673,14.844
xTier,-204.673,16.9187
xTier,-203.673,19.132
xTier,-202.673,21.1547
xTier,-201.673,23.316
xTier,-200.673,25.4867
xTier,-199.673,27.0233
xTier,-198.672,28.8287
xTier,-197.672,30.522
xTier,-196.672,32.032
xTier,-195.672,33.4467
xTier,-194.672,35.0
xTier,-193.672,36.4233
xTier,-192.672,37.7253
xTier,-191.672,38.7233
xTier,-190.672,39.912
xTier,-189.671,41.0407
xTier,-188.671,41.9873
xTier,-187.671,42.8727
xTier,-186.671,43.6367
xTier,-185.671,44.426
xTier,-184.671,45.3547
xTier,-183.671,46.2053
xTier,-182.671,47.3073
xTier,-181.671,48.1847
xTier,-180.67,49.1313
xTier,-179.67,49.696
xTier,-178.67,50.408
xTier,-177.67,51.12
xTier,-176.67,52.3353
xTier,-175.67,53.2993
xTier,-174.67,54.0807
xTier,-173.67,54.844
xTier,-172.67,55.7293
xTier,-171.669,56.736
xTier,-170.669,57.474
xTier,-169.669,58.186
xTier,-168.669,58.846
xTier,-167.669,59.2887
xTier,-166.669,60.122
xTier,-165.669,60.7207
xTier,-164.669,61.6233
xTier,-163.668,62.2827
xTier,-162.668,63.038
xTier,-161.668,63.5153
xTier,-160.668,64.218
xTier,-159.668,64.7473
xTier,-158.668,65.468
xTier,-157.668,66.0413
xTier,-156.668,66.5973
xTier,-155.667,66.9533
xTier,-154.667,67.5607
xTier,-153.667,68.238
xTier,-152.667,68.62
xTier,-151.667,68.9493
xTier,-150.667,69.6353
xTier,-149.667,69.6787
xTier,-148.667,70.1393
xTier,-147.667,70.4433
xTier,-146.666,70.8253
xTier,-145.666,70.808
xTier,-144.666,71.2333
xTier,-143.666,71.5807
xTier,-142.666,71.9973
xTier,-141.666,72.1273
xTier,-140.666,72.5093
xTier,-139.666,72.9607
xTier,-138.665,73.134
xTier,-137.665,73.7247
xTier,-136.665,74.1933
xTier,-135.665,74.436
xTier,-134.665,75.0
xTier,-133.665,75.3207
xTier,-132.665,75.5287
xTier,-131.665,75.876
xTier,-130.665,76.38
xTier,-129.664,76.614
xTier,-128.664,76.866
xTier,-127.664,77.1607
xTier,-126.664,77.2993
xTier,-125.664,77.6033
xTier,-124.664,77.8727
xTier,-123.664,78.3673
xTier,-122.664,78.376
xTier,-121.664,78.706
xTier,-120.663,79.0447
xTier,-119.663,79.366
xTier,-118.663,79.7307
xTier,-117.663,80.052
xTier,-116.663,80.3993
xTier,-115.663,80.6073
xTier,-114.663,81.0413
xTier,-113.663,81.258
xTier,-112.663,81.5967
xTier,-111.662,82.144
xTier,-110.662,82.3867
xTier,-109.662,82.4993
xTier,-108.662,82.6907
xTier,-107.662,83.1593
xTier,-106.662,83.29
xTier,-105.662,83.672
xTier,-104.662,83.698
xTier,-103.662,83.9067
xTier,-102.661,84.0713
xTier,-101.661,83.9493
xTier,-100.661,84.3227
xTier,-99.661,84.358
xTier,-98.661,84.7053
xTier,-97.661,84.9227
xTier,-96.661,85.1133
xTier,-95.661,85.322
xTier,-94.661,85.782
xTier,-93.66,85.886
xTier,-92.66,85.886
xTier,-91.66,85.938
xTier,-90.66,85.9813
xTier,-89.66,86.45
xTier,-88.66,86.5713
xTier,-87.66,86.9013
xTier,-86.66,87.188
xTier,-85.66,87.1013
xTier,-84.659,87.4047
xTier,-83.659,87.552
xTier,-82.659,87.6387
xTier,-81.659,87.6907
xTier,-80.659,87.9073
xTier,-79.659,87.9247
xTier,-78.659,88.0893
xTier,-77.659,88.3233
xTier,-76.658,88.6093
xTier,-75.658,88.7133
xTier,-74.658,88.7047
xTier,-73.658,88.8
xTier,-72.658,88.826
xTier,-71.658,89.008
xTier,-70.658,89.2853
xTier,-69.658,89.3113
xTier,-68.658,89.3547
xTier,-67.658,89.4847
xTier,-66.657,89.58
xTier,-65.657,89.6933
xTier,-64.657,89.7887
xTier,-63.657,89.9713
xTier,-62.657,90.1627
xTier,-61.657,90.2587
xTier,-60.657,90.3547
xTier,-59.657,90.4073
xTier,-58.657,90.538
xTier,-57.657,90.79
xTier,-56.656,90.9293
xTier,-55.656,90.9907
xTier,-54.656,91.1907
xTier,-53.656,91.304
xTier,-52.656,91.3647
xTier,-51.656,91.5213
xTier,-50.656,91.6253
xTier,-49.656,91.7733
xTier,-48.656,91.86
xTier,-47.656,91.8687
xTier,-46.655,92.0073
xTier,-45.655,92.0247
xTier,-44.655,92.1633
xTier,-43.655,92.2153
xTier,-42.655,92.2587
xTier,-41.655,92.2847
xTier,-40.655,92.3453
xTier,-39.655,92.3107
xTier,-38.655,92.3713
xTier,-37.654,92.606
xTier,-36.654,92.606
xTier,-35.654,92.7273
xTier,-34.654,92.7707
xTier,-33.654,92.7273
xTier,-32.654,92.8487
xTier,-31.654,92.9007
xTier,-30.654,92.9873
xTier,-29.654,93.0567
xTier,-28.654,93.2473
xTier,-27.653,93.1173
xTier,-26.653,93.2473
xTier,-25.653,93.4207
xTier,-24.653,93.49
xTier,-23.653,93.62
xTier,-22.653,93.646
xTier,-21.653,93.776
xTier,-20.653,93.6547
xTier,-19.653,93.5853
xTier,-18.652,93.776
xTier,-17.652,93.8887
xTier,-16.652,93.958
xTier,-15.652,94.036
xTier,-14.652,94.14
xTier,-13.652,94.1573
xTier,-12.652,94.2787
xTier,-11.652,94.3393
xTier,-10.651,94.3047
xTier,-9.651,94.4087
xTier,-8.651,94.5127
xTier,-7.651,94.5993
xTier,-6.651,94.6253
xTier,-5.651,94.8073
xTier,-4.651,94.972
xTier,-3.651,95.0853
xTier,-2.651,95.1113
xTier,-1.65,95.1373
xTier,-0.65,95.2067
xTier,0.35,88.844
xTier,1.35,82.8113
xTier,2.35,76.9347
xTier,3.35,71.258
xTier,4.35,65.72
xTier,5.35,60.416
xTier,6.35,55.1733
xTier,7.351,50.0173
xTier,8.351,45.434
xTier,9.351,40.4513
xTier,10.351,35.712
xTier,11.351,30.9547
xTier,12.351,26.3973
xTier,13.351,21.9187
xTier,14.351,17.596
xTier,15.352,19.8613
xTier,16.352,21.84
xTier,17.352,24.0013
xTier,18.352,25.5893
xTier,19.352,27.4033
xTier,20.352,29.0267
xTier,21.352,30.624
xTier,22.352,31.9347
xTier,23.352,32.924
xTier,24.353,34.3393
xTier,25.353,35.5373
xTier,26.353,36.6313
xTier,27.353,37.934
xTier,28.353,39.288
xTier,29.353,40.434
xTier,30.353,41.4587
xTier,31.353,42.388
xTier,32.353,43.204
xTier,33.353,44.3933
xTier,34.354,45.3567
xTier,35.354,46.312
xTier,36.354,47.0927
xTier,37.354,48.1607
xTier,38.354,49.194
xTier,39.354,50.0967
xTier,40.354,51.1813
xTier,41.354,52.3007
xTier,42.354,52.7953
xTier,43.354,53.4113
xTier,44.355,54.444
xTier,45.355,55.1647
xTier,46.355,56.1107
xTier,47.355,56.762
xTier,48.355,57.3527
xTier,49.355,57.8307
xTier,50.355,58.308
xTier,51.355,59.1153
xTier,52.355,59.74
xTier,53.355,60.278
xTier,54.356,60.9813
xTier,55.356,61.4587
xTier,56.356,62.0407
xTier,57.356,62.6567
xTier,58.356,63.2127
xTier,59.356,63.4993
xTier,60.356,64.1067
xTier,61.356,64.4973
xTier,62.356,65.1653
xTier,63.357,65.7553
xTier,64.357,66.4753
xTier,65.357,67.0393
xTier,66.357,67.4213
xTier,67.357,67.864
xTier,68.357,68.3587
xTier,69.357,68.7227
xTier,70.357,69.244
xTier,71.357,69.5827
xTier,72.357,69.9993
xTier,73.358,70.442
xTier,74.358,70.9887
xTier,75.358,71.31
xTier,76.358,71.7873
xTier,77.358,72.23
xTier,78.358,72.638
xTier,79.358,72.8207
xTier,80.358,73.3153
xTier,81.358,73.732
xTier,82.359,74.1313
xTier,83.359,74.444
xTier,84.359,74.6353
xTier,85.359,75.0
xTier,86.359,75.4687
xTier,87.359,76.0333
xTier,88.359,76.4413
xTier,89.359,76.5973
xTier,90.359,76.8487
xTier,91.359,77.1527
xTier,92.36,77.3093
xTier,93.36,77.5093
xTier,94.36,77.9173
xTier,95.36,77.9867
xTier,96.36,78.1347
xTier,97.36,78.2473
xTier,98.36,78.6293
xTier,99.36,79.0287
xTier,100.36,79.3233
xTier,101.36,79.41
xTier,102.361,79.7047
xTier,103.361,79.7653
xTier,104.361,80.104
xTier,105.361,80.4167
xTier,106.361,80.642
xTier,107.361,80.9627
xTier,108.361,81.162
xTier,109.361,81.5787
xTier,110.361,82.1433
xTier,111.362,82.386
xTier,112.362,82.7853
xTier,113.362,82.9853
xTier,114.362,83.15
xTier,115.362,83.3413
xTier,116.362,83.7753
xTier,117.362,83.958
xTier,118.362,84.366
xTier,119.363,84.5313
xTier,120.363,84.7747
xTier,121.363,84.862
xTier,122.363,84.9493
xTier,123.363,85.158
xTier,124.363,85.2707
xTier,125.363,85.522
xTier,126.363,85.6267
xTier,127.363,85.8613
xTier,128.364,86.078
xTier,129.364,86.304
xTier,130.364,86.434
xTier,131.364,86.4253
xTier,132.364,86.538
xTier,133.364,86.642
xTier,134.364,86.8933
xTier,135.364,87.084
xTier,136.364,87.2573
xTier,137.365,87.63
xTier,138.365,87.8727
xTier,139.365,87.9333
xTier,140.365,87.9073
xTier,141.365,88.2453
xTier,142.365,88.2973
xTier,143.365,88.2367
xTier,144.365,88.436
xTier,145.365,88.4707
xTier,146.365,88.7313
xTier,147.366,88.8787
xTier,148.366,88.9653
xTier,149.366,89.0873
xTier,150.366,89.044
xTier,151.366,89.3393
xTier,152.366,89.3567
xTier,153.366,89.4607
xTier,154.366,89.5733
xTier,155.366,89.5647
xTier,156.366,89.5473
xTier,157.367,89.686
xTier,158.367,89.894
xTier,159.367,90.0333
xTier,160.367,90.1373
xTier,161.367,90.2413
xTier,162.367,90.3547
xTier,163.367,90.6067
xTier,164.367,90.676
xTier,165.367,90.7887
xTier,166.368,90.684
xTier,167.368,90.884
xTier,168.368,91.006
xTier,169.368,91.18
xTier,170.368,91.3367
xTier,171.368,91.684
xTier,172.368,91.936
xTier,173.368,92.0753
xTier,174.368,92.136
xTier,175.368,92.4227
xTier,176.369,92.4227
xTier,177.369,92.492
xTier,178.369,92.5267
xTier,179.369,92.6567
xTier,180.369,92.8393
xTier,181.369,93.1433
xTier,182.369,93.0567
xTier,183.369,93.1693
xTier,184.37,93.2127
xTier,185.37,93.2993
xTier,186.37,93.2647
xTier,187.37,93.2733
xTier,188.37,93.412
xTier,189.37,93.6373
xTier,190.37,93.724
xTier,191.37,93.8367
xTier,192.37,94.0273
xTier,193.371,94.0013
xTier,194.371,94.0533
xTier,195.371,94.088
xTier,196.371,94.1053
xTier,197.371,94.1747
xTier,198.371,94.2873
xTier,199.371,94.3827
xTier,200.371,94.4867
xTier,201.371,94.6253
xTier,202.372,94.6513
xTier,203.372,94.7467
xTier,204.372,94.7467
xTier,205.372,94.7727
xTier,206.372,94.7033
xTier,207.372,94.6687
xTier,208.372,94.764
xTier,209.372,94.7207
xTier,210.372,94.9027
xTier,211.373,94.998
xTier,212.373,95.1107
xTier,213.373,95.102
xTier,214.373,95.128
xTier,215.373,95.1973
xTier,216.373,95.18
xTier,217.373,95.2233
xTier,218.373,95.2233
xTier,219.374,95.2493
xTier,220.374,95.2147
xTier,221.374,95.31
xTier,222.374,95.3273
xTier,223.374,95.388
xTier,224.374,95.5353
xTier,225.374,95.5527
xTier,226.374,95.57
xTier,227.374,95.6913
xTier,228.375,95.7
xTier,229.375,95.7087
xTier,230.375,95.6567
xTier,231.375,95.6913
xTier,232.375,95.752
TPP,-222.654,20.83
TPP,-221.654,21.155
TPP,-220.654,21.35
TPP,-219.654,22.0675
TPP,-218.654,22.108
TPP,-217.654,23.0883
TPP,-216.654,23.9571
TPP,-215.653,24.2825
TPP,-214.653,25.0567
TPP,-213.653,25.585
TPP,-212.653,26.3009
TPP,-211.653,26.865
TPP,-210.653,27.5731
TPP,-209.653,28.2357
TPP,-208.653,28.9227
TPP,-207.653,30.008
TPP,-206.652,31.3193
TPP,-205.652,32.6567
TPP,-204.652,33.7153
TPP,-203.652,34.948
TPP,-202.652,36.0333
TPP,-201.652,37.144
TPP,-200.652,38.5333
TPP,-199.652,39.7053
TPP,-198.652,40.8427
TPP,-197.651,41.8067
TPP,-196.651,43.048
TPP,-195.651,44.3153
TPP,-194.651,45.418
TPP,-193.651,46.338
TPP,-192.651,47.8573
TPP,-191.651,48.9767
TPP,-190.651,50.2873
TPP,-189.65,51.694
TPP,-188.65,53.3253
TPP,-187.65,54.714
TPP,-186.65,56.1207
TPP,-185.65,57.3793
TPP,-184.65,58.464
TPP,-183.65,59.948
TPP,-182.65,61.1107
TPP,-181.649,62.17
TPP,-180.649,62.986
TPP,-179.649,63.7753
TPP,-178.649,64.852
TPP,-177.649,65.3727
TPP,-176.649,65.9547
TPP,-175.649,66.2233
TPP,-174.649,66.8047
TPP,-173.649,66.892
TPP,-172.648,66.9007
TPP,-171.648,66.97
TPP,-170.648,66.8133
TPP,-169.648,66.9267
TPP,-168.648,66.4233
TPP,-167.648,66.4407
TPP,-166.648,66.5273
TPP,-165.648,66.388
TPP,-164.647,66.6313
TPP,-163.647,66.692
TPP,-162.647,66.6573
TPP,-161.647,66.6833
TPP,-160.647,66.6487
TPP,-159.647,66.31
TPP,-158.647,66.3793
TPP,-157.646,66.5793
TPP,-156.646,66.588
TPP,-155.646,67.022
TPP,-154.646,67.1173
TPP,-153.646,67.6207
TPP,-152.646,67.786
TPP,-151.646,67.6907
TPP,-150.646,67.726
TPP,-149.645,67.6653
TPP,-148.645,67.518
TPP,-147.645,67.3873
TPP,-146.645,67.6473
TPP,-145.645,67.7087
TPP,-144.645,67.978
TPP,-143.645,67.874
TPP,-142.645,67.796
TPP,-141.645,67.7093
TPP,-140.644,67.7093
TPP,-139.644,67.9
TPP,-138.644,67.7873
TPP,-137.644,67.6833
TPP,-136.644,67.492
TPP,-135.644,67.5007
TPP,-134.644,67.5007
TPP,-133.644,67.518
TPP,-132.643,67.466
TPP,-131.643,67.1627
TPP,-130.643,67.336
TPP,-129.643,67.362
TPP,-128.643,67.2833
TPP,-127.643,67.3007
TPP,-126.643,67.4827
TPP,-125.643,67.1613
TPP,-124.643,66.936
TPP,-123.642,66.762
TPP,-122.642,66.7447
TPP,-121.642,66.8053
TPP,-120.642,67.048
TPP,-119.642,67.0133
TPP,-118.642,67.1
TPP,-117.642,67.152
TPP,-116.642,66.9087
TPP,-115.642,67.004
TPP,-114.641,66.7
TPP,-113.641,66.9173
TPP,-112.641,66.9693
TPP,-111.641,66.9693
TPP,-110.641,67.1347
TPP,-109.641,67.1433
TPP,-108.641,67.3433
TPP,-107.641,67.4127
TPP,-106.641,67.5433
TPP,-105.64,67.4307
TPP,-104.64,67.396
TPP,-103.64,67.1787
TPP,-102.64,67.3353
TPP,-101.64,67.674
TPP,-100.64,67.3267
TPP,-99.64,67.5527
TPP,-98.64,67.466
TPP,-97.639,67.3447
TPP,-96.639,67.0753
TPP,-95.639,67.0407
TPP,-94.639,67.11
TPP,-93.639,66.8147
TPP,-92.639,66.832
TPP,-91.639,66.71
TPP,-90.639,66.5187
TPP,-89.638,66.388
TPP,-88.638,66.362
TPP,-87.638,66.3967
TPP,-86.638,66.258
TPP,-85.638,66.5793
TPP,-84.638,66.866
TPP,-83.638,67.248
TPP,-82.638,67.4387
TPP,-81.637,68.1507
TPP,-80.637,68.7667
TPP,-79.637,69.2093
TPP,-78.637,69.9907
TPP,-77.637,70.7373
TPP,-76.637,71.71
TPP,-75.637,72.6133
TPP,-74.637,73.7333
TPP,-73.636,74.914
TPP,-72.636,75.9727
TPP,-71.636,77.2047
TPP,-70.636,78.064
TPP,-69.636,78.8273
TPP,-68.636,79.5387
TPP,-67.636,80.5807
TPP,-66.636,81.3013
TPP,-65.635,81.9093
TPP,-64.635,82.5693
TPP,-63.635,83.368
TPP,-62.635,83.8887
TPP,-61.635,84.3747
TPP,-60.635,84.956
TPP,-59.635,85.416
TPP,-58.635,85.7893
TPP,-57.634,86.128
TPP,-56.634,86.536
TPP,-55.634,86.9093
TPP,-54.634,87.2047
TPP,-53.634,87.6733
TPP,-52.634,87.968
TPP,-51.634,88.176
TPP,-50.634,88.584
TPP,-49.633,88.8787
TPP,-48.633,89.1393
TPP,-47.633,89.3213
TPP,-46.633,89.5207
TPP,-45.633,89.6853
TPP,-44.633,89.7807
TPP,-43.633,90.0327
TPP,-42.633,90.25
TPP,-41.632,90.4067
TPP,-40.632,90.754
TPP,-39.632,90.98
TPP,-38.632,91.1973
TPP,-37.632,91.4147
TPP,-36.632,91.6927
TPP,-35.632,91.632
TPP,-34.632,91.7107
TPP,-33.631,91.8493
TPP,-32.631,92.058
TPP,-31.631,92.2927
TPP,-30.631,92.3887
TPP,-29.631,92.6233
TPP,-28.631,92.606
TPP,-27.631,92.7013
TPP,-26.631,92.7187
TPP,-25.63,92.6753
TPP,-24.63,92.7533
TPP,-23.63,92.632
TPP,-22.63,92.6753
TPP,-21.63,92.5713
TPP,-20.63,92.7793
TPP,-19.63,92.9267
TPP,-18.63,92.9353
TPP,-17.63,92.9353
TPP,-16.629,92.788
TPP,-15.629,92.866
TPP,-14.629,92.684
TPP,-13.629,92.8313
TPP,-12.629,92.8227
TPP,-11.629,92.8227
TPP,-10.629,92.7707
TPP,-9.629,92.866
TPP,-8.628,92.9093
TPP,-7.628,92.892
TPP,-6.628,92.9267
TPP,-5.628,92.866
TPP,-4.628,92.788
TPP,-3.628,92.736
TPP,-2.628,92.762
TPP,-1.628,92.8313
TPP,-0.627,92.8053
TPP,0.373,86.746
TPP,1.373,80.6
TPP,2.373,74.6453
TPP,3.373,68.786
TPP,4.373,63.1867
TPP,5.373,57.562
TPP,6.373,52.284
TPP,7.374,47.0147
TPP,8.374,41.624
TPP,9.374,36.2507
TPP,10.374,30.99
TPP,11.374,25.816
TPP,12.374,20.538
TPP,13.374,15.1213
TPP,14.374,10.008
TPP,15.375,10.8673
TPP,16.375,11.562
TPP,17.375,12.1087
TPP,18.375,12.6293
TPP,19.375,13.1153
TPP,20.375,13.2887
TPP,21.375,13.2973
TPP,22.375,13.2193
TPP,23.376,13.506
TPP,24.376,13.584
TPP,25.376,13.636
TPP,26.376,13.5407
TPP,27.376,13.5493
TPP,28.376,13.7227
TPP,29.376,13.558
TPP,30.376,13.5407
TPP,31.377,13.6447
TPP,32.377,13.6273
TPP,33.377,13.836
TPP,34.377,13.6453
TPP,35.377,13.8627
TPP,36.377,13.8367
TPP,37.377,14.0187
TPP,38.377,13.9313
TPP,39.378,13.9487
TPP,40.378,13.9747
TPP,41.378,13.9487
TPP,42.378,13.784
TPP,43.378,13.6973
TPP,44.378,13.8013
TPP,45.378,13.9487
TPP,46.378,13.8707
TPP,47.379,14.0353
TPP,48.379,13.9047
TPP,49.379,14.0607
TPP,50.379,13.9127
TPP,51.379,13.9733
TPP,52.379,14.0347
TPP,53.379,14.0173
TPP,54.379,14.0173
TPP,55.38,13.792
TPP,56.38,13.9133
TPP,57.38,14.026
TPP,58.38,13.948
TPP,59.38,13.9047
TPP,60.38,13.8093
TPP,61.38,13.8353
TPP,62.38,13.6793
TPP,63.381,13.7313
TPP,64.381,13.8187
TPP,65.381,13.888
TPP,66.381,13.836
TPP,67.381,13.7747
TPP,68.381,13.6273
TPP,69.381,13.5753
TPP,70.381,13.584
TPP,71.382,13.4367
TPP,72.382,13.3933
TPP,73.382,13.4107
TPP,74.382,13.5673
TPP,75.382,13.4373
TPP,76.382,13.42
TPP,77.382,13.3853
TPP,78.382,13.3073
TPP,79.383,13.1767
TPP,80.383,13.194
TPP,81.383,13.2113
TPP,82.383,13.1073
TPP,83.383,13.168
TPP,84.383,13.1767
TPP,85.383,13.2547
TPP,86.383,13.2287
TPP,87.384,13.1593
TPP,88.384,13.246
TPP,89.384,13.1327
TPP,90.384,13.3753
TPP,91.384,13.3493
TPP,92.384,13.3753
TPP,93.384,13.2713
TPP,94.384,13.254
TPP,95.385,13.1327
TPP,96.385,13.1327
TPP,97.385,13.0373
TPP,98.385,13.098
TPP,99.385,13.046
TPP,100.385,13.02
TPP,101.385,13.1673
TPP,102.385,13.4627
TPP,103.386,13.4713
TPP,104.386,13.5147
TPP,105.386,13.4453
TPP,106.386,13.532
TPP,107.386,13.5407
TPP,108.386,13.6013
TPP,109.386,13.6447
TPP,110.387,13.6273
TPP,111.387,13.74
TPP,112.387,13.9307
TPP,113.387,13.87
TPP,114.387,13.896
TPP,115.387,13.948
TPP,116.387,13.844
TPP,117.387,13.6007
TPP,118.387,13.592
TPP,119.388,13.54
TPP,120.388,13.514
TPP,121.388,13.6353
TPP,122.388,13.87
TPP,123.388,14.3213
TPP,124.388,14.9207
TPP,125.388,15.398
TPP,126.388,15.902
TPP,127.389,16.3627
TPP,128.389,17.2047
TPP,129.389,18.0813
TPP,130.389,19.2273
TPP,131.389,20.278
TPP,132.389,21.5107
TPP,133.389,22.7087
TPP,134.389,23.9847
TPP,135.39,25.3387
TPP,136.39,26.5453
TPP,137.39,28.142
TPP,138.39,29.366
TPP,139.39,30.5293
TPP,140.39,31.7967
TPP,141.39,33.0813
TPP,142.39,34.7307
TPP,143.391,36.1633
TPP,144.391,37.3353
TPP,145.391,38.568
TPP,146.391,39.8007
TPP,147.391,41.1373
TPP,148.391,42.4653
TPP,149.391,43.7587
TPP,150.391,45.1133
TPP,151.392,46.346
TPP,152.392,47.4227
TPP,153.392,48.5167
TPP,154.392,49.5753
TPP,155.392,50.6867
TPP,156.392,51.9973
TPP,157.392,53.282
TPP,158.392,54.202
TPP,159.393,55.6167
TPP,160.393,56.6493
TPP,161.393,58.142
TPP,162.393,59.366
TPP,163.393,60.7987
TPP,164.393,61.9533
TPP,165.393,63.2813
TPP,166.393,64.7747
TPP,167.394,65.99
TPP,168.394,67.1447
TPP,169.394,68.36
TPP,170.394,69.506
TPP,171.394,70.478
TPP,172.394,71.1373
TPP,173.394,71.9707
TPP,174.394,72.4313
TPP,175.395,72.926
TPP,176.395,73.1347
TPP,177.395,73.2387
TPP,178.395,73.516
TPP,179.395,73.976
TPP,180.395,74.002
TPP,181.395,73.9933
TPP,182.395,73.9413
TPP,183.396,74.1667
TPP,184.396,74.2187
TPP,185.396,74.3833
TPP,186.396,74.0013
TPP,187.396,73.932
TPP,188.396,73.958
TPP,189.396,74.192
TPP,190.396,74.366
TPP,191.397,74.4873
TPP,192.397,74.7653
TPP,193.397,74.5573
TPP,194.397,74.3753
TPP,195.397,74.2193
TPP,196.397,74.072
TPP,197.397,74.0633
TPP,198.397,73.9853
TPP,199.398,73.89
TPP,200.398,73.638
TPP,201.398,73.8207
TPP,202.398,73.786
TPP,203.398,73.7167
TPP,204.398,73.526
TPP,205.398,73.6647
TPP,206.398,73.6213
TPP,207.399,73.5433
TPP,208.399,73.656
TPP,209.399,73.6993
TPP,210.399,73.6907
TPP,211.399,73.7253
TPP,212.399,73.708
TPP,213.399,73.942
TPP,214.399,73.9593
TPP,215.4,74.0033
TPP,216.4,74.0033
TPP,217.4,73.9427
TPP,218.4,74.0813
TPP,219.4,74.1767
TPP,220.4,73.8813
TPP,221.4,73.8987
TPP,222.4,73.994
TPP,223.401,73.9593
TPP,224.401,73.9593
TPP,225.401,74.0027
TPP,226.401,74.046
TPP,227.401,73.9413
TPP,228.401,73.664
TPP,229.401,73.5513
TPP,230.401,73.5773
TPP,231.402,73.6727
TPP,232.402,73.69
TPP,233.402,73.5687
TPP,234.402,73.4993
TPP,235.402,73.6647
TPP,236.402,73.682
TPP,237.402,73.8033
TPP,238.402,73.9247
TPP,239.403,73.8987
TPP,240.403,74.046
TPP,241.403,74.15
TPP,242.403,74.602
TPP,243.403,74.7753
AutoNUMA,-229.009,21.09
AutoNUMA,-228.009,19.335
AutoNUMA,-227.009,19.0533
AutoNUMA,-226.009,19.6275
AutoNUMA,-225.009,19.634
AutoNUMA,-224.008,19.6383
AutoNUMA,-223.008,19.7714
AutoNUMA,-222.008,19.6925
AutoNUMA,-221.008,19.7611
AutoNUMA,-220.008,19.881
AutoNUMA,-219.008,19.79
AutoNUMA,-218.008,19.7358
AutoNUMA,-217.008,19.9808
AutoNUMA,-216.008,19.9021
AutoNUMA,-215.007,19.7473
AutoNUMA,-214.007,19.6
AutoNUMA,-213.007,19.6953
AutoNUMA,-212.007,19.6087
AutoNUMA,-211.007,19.3487
AutoNUMA,-210.007,19.3833
AutoNUMA,-209.007,19.47
AutoNUMA,-208.007,19.4353
AutoNUMA,-207.007,19.34
AutoNUMA,-206.006,19.21
AutoNUMA,-205.006,19.0627
AutoNUMA,-204.006,19.0973
AutoNUMA,-203.006,19.1927
AutoNUMA,-202.006,18.9407
AutoNUMA,-201.006,18.958
AutoNUMA,-200.006,19.2447
AutoNUMA,-199.006,19.2967
AutoNUMA,-198.005,19.5053
AutoNUMA,-197.005,19.8087
AutoNUMA,-196.005,20.008
AutoNUMA,-195.005,20.112
AutoNUMA,-194.005,20.0513
AutoNUMA,-193.005,20.0687
AutoNUMA,-192.005,20.1207
AutoNUMA,-191.005,20.2853
AutoNUMA,-190.005,20.2507
AutoNUMA,-189.004,20.3373
AutoNUMA,-188.004,20.19
AutoNUMA,-187.004,20.2853
AutoNUMA,-186.004,20.2247
AutoNUMA,-185.004,20.0853
AutoNUMA,-184.004,20.1287
AutoNUMA,-183.004,20.0933
AutoNUMA,-182.004,19.972
AutoNUMA,-181.004,19.894
AutoNUMA,-180.003,19.5213
AutoNUMA,-179.003,19.4433
AutoNUMA,-178.003,19.3827
AutoNUMA,-177.003,19.5387
AutoNUMA,-176.003,19.4347
AutoNUMA,-175.003,19.582
AutoNUMA,-174.003,19.4953
AutoNUMA,-173.003,19.6427
AutoNUMA,-172.002,19.4953
AutoNUMA,-171.002,19.5993
AutoNUMA,-170.002,19.686
AutoNUMA,-169.002,19.7553
AutoNUMA,-168.002,19.5647
AutoNUMA,-167.002,19.5473
AutoNUMA,-166.002,19.6513
AutoNUMA,-165.002,19.842
AutoNUMA,-164.002,19.8593
AutoNUMA,-163.001,19.79
AutoNUMA,-162.001,19.6947
AutoNUMA,-161.001,19.686
AutoNUMA,-160.001,19.8427
AutoNUMA,-159.001,19.7387
AutoNUMA,-158.001,19.7647
AutoNUMA,-157.001,19.8427
AutoNUMA,-156.001,19.7127
AutoNUMA,-155.0,19.5653
AutoNUMA,-154.0,19.288
AutoNUMA,-153.0,19.2793
AutoNUMA,-152.0,19.3487
AutoNUMA,-151.0,19.2447
AutoNUMA,-150.0,19.314
AutoNUMA,-149.0,19.2967
AutoNUMA,-148.0,19.4007
AutoNUMA,-146.999,19.6267
AutoNUMA,-145.999,19.592
AutoNUMA,-144.999,19.288
AutoNUMA,-143.999,19.392
AutoNUMA,-142.999,19.3573
AutoNUMA,-141.999,19.314
AutoNUMA,-140.999,19.4527
AutoNUMA,-139.999,19.6
AutoNUMA,-138.998,19.6693
AutoNUMA,-137.998,19.9127
AutoNUMA,-136.998,19.9473
AutoNUMA,-135.998,19.9993
AutoNUMA,-134.998,19.8867
AutoNUMA,-133.998,19.8087
AutoNUMA,-132.998,19.8087
AutoNUMA,-131.998,19.7653
AutoNUMA,-130.998,19.7393
AutoNUMA,-129.997,19.8
AutoNUMA,-128.997,19.9473
AutoNUMA,-127.997,19.826
AutoNUMA,-126.997,19.826
AutoNUMA,-125.997,19.826
AutoNUMA,-124.997,19.6787
AutoNUMA,-123.997,19.6527
AutoNUMA,-122.997,19.2967
AutoNUMA,-121.996,19.2273
AutoNUMA,-120.996,19.106
AutoNUMA,-119.996,19.3053
AutoNUMA,-118.996,19.34
AutoNUMA,-117.996,19.392
AutoNUMA,-116.996,19.2093
AutoNUMA,-115.996,19.3133
AutoNUMA,-114.996,19.244
AutoNUMA,-113.995,19.262
AutoNUMA,-112.995,19.262
AutoNUMA,-111.995,19.4267
AutoNUMA,-110.995,19.444
AutoNUMA,-109.995,19.6
AutoNUMA,-108.995,19.626
AutoNUMA,-107.995,19.7387
AutoNUMA,-106.995,19.73
AutoNUMA,-105.994,19.6347
AutoNUMA,-104.994,19.7913
AutoNUMA,-103.994,20.0953
AutoNUMA,-102.994,20.3213
AutoNUMA,-101.994,20.4953
AutoNUMA,-100.994,20.6167
AutoNUMA,-99.994,20.938
AutoNUMA,-98.994,21.0767
AutoNUMA,-97.993,21.32
AutoNUMA,-96.993,21.2333
AutoNUMA,-95.993,21.3373
AutoNUMA,-94.993,21.4767
AutoNUMA,-93.993,21.85
AutoNUMA,-92.993,22.0147
AutoNUMA,-91.993,22.1973
AutoNUMA,-90.993,22.492
AutoNUMA,-89.992,22.518
AutoNUMA,-88.992,22.5613
AutoNUMA,-87.992,22.544
AutoNUMA,-86.992,22.57
AutoNUMA,-85.992,22.6573
AutoNUMA,-84.992,22.8393
AutoNUMA,-83.992,22.8307
AutoNUMA,-82.992,22.8307
AutoNUMA,-81.991,22.9347
AutoNUMA,-80.991,22.874
AutoNUMA,-79.991,22.9607
AutoNUMA,-78.991,22.9347
AutoNUMA,-77.991,23.074
AutoNUMA,-76.991,23.152
AutoNUMA,-75.991,23.196
AutoNUMA,-74.991,23.1613
AutoNUMA,-73.991,22.97
AutoNUMA,-72.99,23.0307
AutoNUMA,-71.99,22.9087
AutoNUMA,-70.99,22.8567
AutoNUMA,-69.99,22.596
AutoNUMA,-68.99,22.4393
AutoNUMA,-67.99,22.5607
AutoNUMA,-66.99,22.5
AutoNUMA,-65.99,22.552
AutoNUMA,-64.989,22.3873
AutoNUMA,-63.989,22.4307
AutoNUMA,-62.989,22.3173
AutoNUMA,-61.989,22.0567
AutoNUMA,-60.989,22.0213
AutoNUMA,-59.989,21.8213
AutoNUMA,-58.989,22.108
AutoNUMA,-57.989,21.8387
AutoNUMA,-56.988,21.7867
AutoNUMA,-55.988,21.6733
AutoNUMA,-54.988,21.83
AutoNUMA,-53.988,21.778
AutoNUMA,-52.988,21.7693
AutoNUMA,-51.988,21.9953
AutoNUMA,-50.988,22.074
AutoNUMA,-49.988,22.1173
AutoNUMA,-48.988,21.9787
AutoNUMA,-47.987,22.0313
AutoNUMA,-46.987,22.04
AutoNUMA,-45.987,22.3093
AutoNUMA,-44.987,22.6307
AutoNUMA,-43.987,22.4833
AutoNUMA,-42.987,22.562
AutoNUMA,-41.987,22.814
AutoNUMA,-40.987,22.9707
AutoNUMA,-39.986,22.8753
AutoNUMA,-38.986,22.8667
AutoNUMA,-37.986,22.9013
AutoNUMA,-36.986,22.884
AutoNUMA,-35.986,23.0313
AutoNUMA,-34.986,23.0053
AutoNUMA,-33.986,23.0053
AutoNUMA,-32.986,23.0487
AutoNUMA,-31.985,23.2053
AutoNUMA,-30.985,23.0927
AutoNUMA,-29.985,22.98
AutoNUMA,-28.985,22.954
AutoNUMA,-27.985,23.084
AutoNUMA,-26.985,23.006
AutoNUMA,-25.985,22.8753
AutoNUMA,-24.985,22.8493
AutoNUMA,-23.984,22.954
AutoNUMA,-22.984,22.85
AutoNUMA,-21.984,22.7287
AutoNUMA,-20.984,22.6247
AutoNUMA,-19.984,22.546
AutoNUMA,-18.984,22.6673
AutoNUMA,-17.984,22.6413
AutoNUMA,-16.984,22.6067
AutoNUMA,-15.984,22.6413
AutoNUMA,-14.983,22.52
AutoNUMA,-13.983,22.6327
AutoNUMA,-12.983,22.5893
AutoNUMA,-11.983,22.7367
AutoNUMA,-10.983,22.8673
AutoNUMA,-9.983,23.0407
AutoNUMA,-8.983,23.0407
AutoNUMA,-7.982,23.006
AutoNUMA,-6.982,23.188
AutoNUMA,-5.982,23.1533
AutoNUMA,-4.982,23.284
AutoNUMA,-3.982,23.2407
AutoNUMA,-2.982,23.2927
AutoNUMA,-1.982,23.2573
AutoNUMA,-0.982,23.396
AutoNUMA,0.018,23.396
AutoNUMA,1.019,23.3007
AutoNUMA,2.019,23.266
AutoNUMA,3.019,23.0313
AutoNUMA,4.019,22.788
AutoNUMA,5.019,22.6667
AutoNUMA,6.019,22.5793
AutoNUMA,7.019,22.5447
AutoNUMA,8.019,22.3973
AutoNUMA,9.02,22.284
AutoNUMA,10.02,22.1273
AutoNUMA,11.02,22.3527
AutoNUMA,12.02,22.292
AutoNUMA,13.02,22.3793
AutoNUMA,14.02,22.0933
AutoNUMA,15.02,22.032
AutoNUMA,16.02,21.7193
AutoNUMA,17.02,21.7713
AutoNUMA,18.021,21.676
AutoNUMA,19.021,21.5633
AutoNUMA,20.021,21.5547
AutoNUMA,21.021,21.668
AutoNUMA,22.021,21.6767
AutoNUMA,23.021,21.5027
AutoNUMA,24.021,21.468
AutoNUMA,25.021,21.5987
AutoNUMA,26.022,21.1387
AutoNUMA,27.022,20.9733
AutoNUMA,28.022,20.808
AutoNUMA,29.022,21.0507
AutoNUMA,30.022,21.1813
AutoNUMA,31.022,21.5547
AutoNUMA,32.022,21.3113
AutoNUMA,33.022,21.52
AutoNUMA,34.022,21.7453
AutoNUMA,35.023,21.5453
AutoNUMA,36.023,21.406
AutoNUMA,37.023,21.5967
AutoNUMA,38.023,21.7707
AutoNUMA,39.023,21.7793
AutoNUMA,40.023,21.7447
AutoNUMA,41.023,21.9013
AutoNUMA,42.023,22.0493
AutoNUMA,43.024,22.1013
AutoNUMA,44.024,21.8673
AutoNUMA,45.024,21.8067
AutoNUMA,46.024,21.624
AutoNUMA,47.024,21.702
AutoNUMA,48.024,21.554
AutoNUMA,49.024,21.4327
AutoNUMA,50.024,21.6327
AutoNUMA,51.024,21.8673
AutoNUMA,52.025,21.7633
AutoNUMA,53.025,21.6327
AutoNUMA,54.025,21.6847
AutoNUMA,55.025,21.754
AutoNUMA,56.025,21.7187
AutoNUMA,57.025,21.9613
AutoNUMA,58.025,22.04
AutoNUMA,59.025,21.9787
AutoNUMA,60.026,21.9173
AutoNUMA,61.026,22.022
AutoNUMA,62.026,22.1787
AutoNUMA,63.026,22.3007
AutoNUMA,64.026,22.5527
AutoNUMA,65.026,22.448
AutoNUMA,66.026,22.222
AutoNUMA,67.026,22.022
AutoNUMA,68.027,22.0913
AutoNUMA,69.027,22.1353
AutoNUMA,70.027,22.066
AutoNUMA,71.027,22.0927
AutoNUMA,72.027,21.8233
AutoNUMA,73.027,21.6667
AutoNUMA,74.027,21.6147
AutoNUMA,75.027,21.6847
AutoNUMA,76.028,21.554
AutoNUMA,77.028,21.5973
AutoNUMA,78.028,21.7187
AutoNUMA,79.028,21.6927
AutoNUMA,80.028,21.728
AutoNUMA,81.028,21.7453
AutoNUMA,82.028,21.624
AutoNUMA,83.028,21.798
AutoNUMA,84.028,21.6933
AutoNUMA,85.029,21.754
AutoNUMA,86.029,21.7187
AutoNUMA,87.029,21.884
AutoNUMA,88.029,21.962
AutoNUMA,89.029,22.0487
AutoNUMA,90.029,21.9613
AutoNUMA,91.029,21.944
AutoNUMA,92.03,21.7527
AutoNUMA,93.03,21.718
AutoNUMA,94.03,21.596
AutoNUMA,95.03,21.4827
AutoNUMA,96.03,21.648
AutoNUMA,97.03,21.978
AutoNUMA,98.03,21.822
AutoNUMA,99.03,21.9787
AutoNUMA,100.03,21.7787
AutoNUMA,101.031,21.6747
AutoNUMA,102.031,21.4833
AutoNUMA,103.031,21.5447
AutoNUMA,104.031,21.4753
AutoNUMA,105.031,21.5273
AutoNUMA,106.031,21.658
AutoNUMA,107.031,21.4933
AutoNUMA,108.031,21.1547
AutoNUMA,109.032,21.3113
AutoNUMA,110.032,21.242
AutoNUMA,111.032,21.2247
AutoNUMA,112.032,20.9553
AutoNUMA,113.032,21.1027
AutoNUMA,114.032,21.1287
AutoNUMA,115.032,21.2767
AutoNUMA,116.032,21.4067
AutoNUMA,117.032,21.4593
AutoNUMA,118.033,21.294
AutoNUMA,119.033,21.4507
AutoNUMA,120.033,21.338
AutoNUMA,121.033,21.338
AutoNUMA,122.033,21.312
AutoNUMA,123.033,21.5293
AutoNUMA,124.033,21.4947
AutoNUMA,125.033,21.7813
AutoNUMA,126.034,21.6853
AutoNUMA,127.034,21.7547
AutoNUMA,128.034,21.7027
AutoNUMA,129.034,21.52
AutoNUMA,130.034,21.5027
AutoNUMA,131.034,21.7373
AutoNUMA,132.034,21.6933
AutoNUMA,133.034,22.0493
AutoNUMA,134.034,21.884
AutoNUMA,135.035,22.0407
AutoNUMA,136.035,22.0667
AutoNUMA,137.035,22.3533
AutoNUMA,138.035,22.266
AutoNUMA,139.035,22.318
AutoNUMA,140.035,22.17
AutoNUMA,141.035,22.2053
AutoNUMA,142.035,22.2053
AutoNUMA,143.036,21.9187
AutoNUMA,144.036,21.9707
AutoNUMA,145.036,21.9267
AutoNUMA,146.036,21.5707
AutoNUMA,147.036,21.5187
AutoNUMA,148.036,21.4407
AutoNUMA,149.036,21.4753
AutoNUMA,150.036,21.536
AutoNUMA,151.036,21.3793
AutoNUMA,152.037,21.266
AutoNUMA,153.037,21.2227
AutoNUMA,154.037,21.0487
AutoNUMA,155.037,21.1187
AutoNUMA,156.037,21.0747
AutoNUMA,157.037,21.2833
AutoNUMA,158.037,21.396
AutoNUMA,159.037,21.44
AutoNUMA,160.037,21.3707
AutoNUMA,161.038,21.3793
AutoNUMA,162.038,21.5013
AutoNUMA,163.038,21.284
AutoNUMA,164.038,21.4147
AutoNUMA,165.038,21.3013
AutoNUMA,166.038,21.4667
AutoNUMA,167.038,21.6233
AutoNUMA,168.038,21.8407
AutoNUMA,169.039,21.9887
AutoNUMA,170.039,21.9447
AutoNUMA,171.039,21.9013
AutoNUMA,172.039,21.8147
AutoNUMA,173.039,21.884
AutoNUMA,174.039,21.788
AutoNUMA,175.039,21.9187
AutoNUMA,176.039,22.1533
AutoNUMA,177.039,21.936
AutoNUMA,178.04,22.1187
AutoNUMA,179.04,22.1013
AutoNUMA,180.04,22.2407
AutoNUMA,181.04,22.084
AutoNUMA,182.04,21.988
AutoNUMA,183.04,21.9447
AutoNUMA,184.04,21.84
AutoNUMA,185.04,21.8927
AutoNUMA,186.04,22.0667
AutoNUMA,187.041,21.6847
AutoNUMA,188.041,21.7633
AutoNUMA,189.041,21.7893
AutoNUMA,190.041,21.6067
AutoNUMA,191.041,21.5113
AutoNUMA,192.041,21.5547
AutoNUMA,193.041,21.5113
AutoNUMA,194.041,21.372
AutoNUMA,195.041,21.2153
AutoNUMA,196.042,21.346
AutoNUMA,197.042,21.3287
AutoNUMA,198.042,21.2413
AutoNUMA,199.042,21.2067
AutoNUMA,200.042,21.1453
AutoNUMA,201.042,21.076
AutoNUMA,202.042,21.5013
AutoNUMA,203.042,21.51
AutoNUMA,204.043,21.632
AutoNUMA,205.043,21.9447
AutoNUMA,206.043,22.0573
AutoNUMA,207.043,22.344
AutoNUMA,208.043,22.344
AutoNUMA,209.043,22.3093
AutoNUMA,210.043,22.388
AutoNUMA,211.043,22.2487
AutoNUMA,212.043,22.2487
AutoNUMA,213.044,22.3793
AutoNUMA,214.044,22.4313
AutoNUMA,215.044,22.31
AutoNUMA,216.044,22.2927
AutoNUMA,217.044,22.2493
AutoNUMA,218.044,22.0493
AutoNUMA,219.044,21.9533
AutoNUMA,220.044,21.606
AutoNUMA,221.044,21.3627
AutoNUMA,222.045,21.154
AutoNUMA,223.045,21.258
AutoNUMA,224.045,21.3447
AutoNUMA,225.045,21.1013
AutoNUMA,226.045,21.3447
AutoNUMA,227.045,21.3013
AutoNUMA,228.045,21.0233
AutoNUMA,229.045,20.9627
AutoNUMA,230.046,21.1107
AutoNUMA,231.046,21.18
AutoNUMA,232.046,20.9887
AutoNUMA,233.046,21.2147
AutoNUMA,234.046,21.1193
AutoNUMA,235.046,21.5273
AutoNUMA,236.046,21.5707
AutoNUMA,237.046,21.7013
AutoNUMA,238.046,21.6233
AutoNUMA,239.047,21.632
AutoNUMA,240.047,21.6927
AutoNUMA,241.047,21.788
AutoNUMA,242.047,21.8053
AutoNUMA,243.047,21.8573
AutoNUMA,244.047,21.988
AutoNUMA,245.047,21.944
AutoNUMA,246.047,21.9093
AutoNUMA,247.048,22.0393
AutoNUMA,248.048,21.97
AutoNUMA,249.048,22.1267
AutoNUMA,250.048,21.892
AutoNUMA,251.048,21.962
HybridTier,-214.334,18.49
HybridTier,-213.334,18.515
HybridTier,-212.334,22.1533
HybridTier,-211.334,22.9375
HybridTier,-210.334,23.826
HybridTier,-209.334,24.6517
HybridTier,-208.333,24.8129
HybridTier,-207.333,27.9288
HybridTier,-206.333,31.3067
HybridTier,-205.333,34.621
HybridTier,-204.333,36.9309
HybridTier,-203.333,39.2567
HybridTier,-202.333,41.0046
HybridTier,-201.333,42.5864
HybridTier,-200.332,43.8793
HybridTier,-199.332,46.7093
HybridTier,-198.332,49.6227
HybridTier,-197.332,52.0533
HybridTier,-196.332,54.5773
HybridTier,-195.332,56.806
HybridTier,-194.332,58.9327
HybridTier,-193.332,61.4587
HybridTier,-192.332,62.292
HybridTier,-191.331,62.6653
HybridTier,-190.331,62.57
HybridTier,-189.331,62.5353
HybridTier,-188.331,62.2927
HybridTier,-187.331,62.3013
HybridTier,-186.331,62.31
HybridTier,-185.331,62.1187
HybridTier,-184.331,62.2313
HybridTier,-183.33,62.162
HybridTier,-182.33,61.884
HybridTier,-181.33,61.8927
HybridTier,-180.33,62.0053
HybridTier,-179.33,62.1093
HybridTier,-178.33,61.884
HybridTier,-177.33,61.9447
HybridTier,-176.33,61.7193
HybridTier,-175.33,61.6327
HybridTier,-174.329,61.9013
HybridTier,-173.329,62.1787
HybridTier,-172.329,62.3173
HybridTier,-171.329,62.3867
HybridTier,-170.329,62.7947
HybridTier,-169.329,63.0553
HybridTier,-168.329,63.1853
HybridTier,-167.329,63.2373
HybridTier,-166.328,63.1247
HybridTier,-165.328,63.012
HybridTier,-164.328,63.012
HybridTier,-163.328,63.012
HybridTier,-162.328,62.8213
HybridTier,-161.328,62.8647
HybridTier,-160.328,62.8907
HybridTier,-159.328,62.9947
HybridTier,-158.328,62.882
HybridTier,-157.327,62.882
HybridTier,-156.327,62.648
HybridTier,-155.327,62.31
HybridTier,-154.327,62.1273
HybridTier,-153.327,62.0667
HybridTier,-152.327,62.2227
HybridTier,-151.327,62.4047
HybridTier,-150.327,62.656
HybridTier,-149.327,62.474
HybridTier,-148.326,62.8207
HybridTier,-147.326,63.0633
HybridTier,-146.326,63.1847
HybridTier,-145.326,63.15
HybridTier,-144.326,62.9247
HybridTier,-143.326,62.942
HybridTier,-142.326,62.9767
HybridTier,-141.326,63.1153
HybridTier,-140.325,63.1847
HybridTier,-139.325,63.2367
HybridTier,-138.325,63.2107
HybridTier,-137.325,63.0373
HybridTier,-136.325,62.9507
HybridTier,-135.325,62.6993
HybridTier,-134.325,63.02
HybridTier,-133.325,62.968
HybridTier,-132.325,62.8553
HybridTier,-131.324,62.76
HybridTier,-130.324,62.708
HybridTier,-129.324,62.7513
HybridTier,-128.324,62.4913
HybridTier,-127.324,62.422
HybridTier,-126.324,62.3873
HybridTier,-125.324,62.5087
HybridTier,-124.324,62.266
HybridTier,-123.324,62.2487
HybridTier,-122.323,62.3787
HybridTier,-121.323,62.1007
HybridTier,-120.323,62.2567
HybridTier,-119.323,62.0227
HybridTier,-118.323,61.8147
HybridTier,-117.323,61.9013
HybridTier,-116.323,61.9967
HybridTier,-115.323,62.222
HybridTier,-114.322,62.222
HybridTier,-113.322,62.3
HybridTier,-112.322,62.0573
HybridTier,-111.322,62.1787
HybridTier,-110.322,62.196
HybridTier,-109.322,62.2653
HybridTier,-108.322,62.3
HybridTier,-107.322,62.3347
HybridTier,-106.321,62.4393
HybridTier,-105.321,62.4393
HybridTier,-104.321,62.6907
HybridTier,-103.321,62.6473
HybridTier,-102.321,62.8387
HybridTier,-101.321,62.8733
HybridTier,-100.321,62.6827
HybridTier,-99.321,62.5873
HybridTier,-98.321,62.8647
HybridTier,-97.32,63.0987
HybridTier,-96.32,63.09
HybridTier,-95.32,63.0813
HybridTier,-94.32,63.2807
HybridTier,-93.32,63.0807
HybridTier,-92.32,62.8207
HybridTier,-91.32,63.0807
HybridTier,-90.32,63.15
HybridTier,-89.319,62.968
HybridTier,-88.319,63.0373
HybridTier,-87.319,62.6033
HybridTier,-86.319,62.5947
HybridTier,-85.319,62.7593
HybridTier,-84.319,62.6813
HybridTier,-83.319,62.43
HybridTier,-82.319,62.3867
HybridTier,-81.319,62.248
HybridTier,-80.318,62.3
HybridTier,-79.318,62.0487
HybridTier,-78.318,62.2833
HybridTier,-77.318,62.622
HybridTier,-76.318,62.57
HybridTier,-75.318,62.5007
HybridTier,-74.318,62.622
HybridTier,-73.318,62.7867
HybridTier,-72.318,63.116
HybridTier,-71.317,62.9773
HybridTier,-70.317,62.8733
HybridTier,-69.317,62.9947
HybridTier,-68.317,63.116
HybridTier,-67.317,63.09
HybridTier,-66.317,63.298
HybridTier,-65.317,63.4107
HybridTier,-64.317,63.3847
HybridTier,-63.317,63.376
HybridTier,-62.316,63.1673
HybridTier,-61.316,63.2887
HybridTier,-60.316,63.0107
HybridTier,-59.316,63.0193
HybridTier,-58.316,62.62
HybridTier,-57.316,62.438
HybridTier,-56.316,62.438
HybridTier,-55.316,62.5593
HybridTier,-54.315,62.7587
HybridTier,-53.315,62.7673
HybridTier,-52.315,62.8713
HybridTier,-51.315,62.7153
HybridTier,-50.315,62.742
HybridTier,-49.315,62.8027
HybridTier,-48.315,62.9327
HybridTier,-47.315,62.9933
HybridTier,-46.314,62.794
HybridTier,-45.314,62.9333
HybridTier,-44.314,62.6647
HybridTier,-43.314,63.0293
HybridTier,-42.314,62.96
HybridTier,-41.314,62.9167
HybridTier,-40.314,62.8387
HybridTier,-39.314,62.674
HybridTier,-38.314,62.4487
HybridTier,-37.313,62.3013
HybridTier,-36.313,62.3187
HybridTier,-35.313,62.1533
HybridTier,-34.313,62.0753
HybridTier,-33.313,61.928
HybridTier,-32.313,61.824
HybridTier,-31.313,61.598
HybridTier,-30.313,61.9453
HybridTier,-29.313,61.884
HybridTier,-28.312,61.7887
HybridTier,-27.312,61.8753
HybridTier,-26.312,62.066
HybridTier,-25.312,62.2393
HybridTier,-24.312,62.0573
HybridTier,-23.312,62.1873
HybridTier,-22.312,62.248
HybridTier,-21.312,62.404
HybridTier,-20.311,62.222
HybridTier,-19.311,62.222
HybridTier,-18.311,62.1527
HybridTier,-17.311,62.17
HybridTier,-16.311,62.4047
HybridTier,-15.311,62.2393
HybridTier,-14.311,62.5
HybridTier,-13.311,62.552
HybridTier,-12.311,62.604
HybridTier,-11.31,62.3173
HybridTier,-10.31,61.9967
HybridTier,-9.31,62.1007
HybridTier,-8.31,61.962
HybridTier,-7.31,61.9447
HybridTier,-6.31,61.7193
HybridTier,-5.31,61.7713
HybridTier,-4.31,61.8147
HybridTier,-3.31,61.9533
HybridTier,-2.309,62.0573
HybridTier,-1.309,62.1093
HybridTier,-0.309,62.0487
HybridTier,0.691,59.2153
HybridTier,1.691,56.2167
HybridTier,2.691,53.408
HybridTier,3.691,50.834
HybridTier,4.691,48.1513
HybridTier,5.692,45.3993
HybridTier,6.692,42.7027
HybridTier,7.692,39.916
HybridTier,8.692,37.1033
HybridTier,9.692,34.1953
HybridTier,10.692,31.332
HybridTier,11.692,28.4587
HybridTier,12.692,25.5247
HybridTier,13.693,22.4953
HybridTier,14.693,19.6047
HybridTier,15.693,19.5127
HybridTier,16.693,19.5167
HybridTier,17.693,19.426
HybridTier,18.693,19.4393
HybridTier,19.693,19.2833
HybridTier,20.693,19.214
HybridTier,21.694,19.306
HybridTier,22.694,19.2193
HybridTier,23.694,19.1327
HybridTier,24.694,19.254
HybridTier,25.694,19.3393
HybridTier,26.694,19.348
HybridTier,27.694,19.2613
HybridTier,28.694,19.348
HybridTier,29.694,19.3913
HybridTier,30.695,19.4173
HybridTier,31.695,19.4347
HybridTier,32.695,19.3393
HybridTier,33.695,19.2787
HybridTier,34.695,19.296
HybridTier,35.695,19.3133
HybridTier,36.695,19.1227
HybridTier,37.695,18.9927
HybridTier,38.696,18.9927
HybridTier,39.696,19.1053
HybridTier,40.696,19.0707
HybridTier,41.696,19.1313
HybridTier,42.696,19.192
HybridTier,43.696,19.2267
HybridTier,44.696,19.218
HybridTier,45.696,19.4007
HybridTier,46.697,19.2007
HybridTier,47.697,19.3567
HybridTier,48.697,19.296
HybridTier,49.697,19.3133
HybridTier,50.697,19.3393
HybridTier,51.697,19.4433
HybridTier,52.697,19.5387
HybridTier,53.697,19.5993
HybridTier,54.697,19.4867
HybridTier,55.698,19.5733
HybridTier,56.698,19.53
HybridTier,57.698,19.7647
HybridTier,58.698,19.6087
HybridTier,59.698,19.47
HybridTier,60.698,19.2613
HybridTier,61.698,19.4353
HybridTier,62.698,19.392
HybridTier,63.698,19.3573
HybridTier,64.699,19.34
HybridTier,65.699,19.5313
HybridTier,66.699,19.4447
HybridTier,67.699,19.5313
HybridTier,68.699,19.6613
HybridTier,69.699,19.5833
HybridTier,70.699,19.462
HybridTier,71.699,19.54
HybridTier,72.699,19.106
HybridTier,73.7,19.3747
HybridTier,74.7,19.5047
HybridTier,75.7,19.6433
HybridTier,76.7,19.7213
HybridTier,77.7,19.704
HybridTier,78.7,19.9207
HybridTier,79.7,20.1113
HybridTier,80.7,19.92
HybridTier,81.701,20.172
HybridTier,82.701,20.224
HybridTier,83.701,20.1807
HybridTier,84.701,20.068
HybridTier,85.701,20.1633
HybridTier,86.701,20.0333
HybridTier,87.701,20.1287
HybridTier,88.701,20.0333
HybridTier,89.701,19.938
HybridTier,90.702,19.9207
HybridTier,91.702,19.8947
HybridTier,92.702,19.938
HybridTier,93.702,19.912
HybridTier,94.702,19.912
HybridTier,95.702,19.99
HybridTier,96.702,19.79
HybridTier,97.702,19.7033
HybridTier,98.702,19.5127
HybridTier,99.703,19.7293
HybridTier,100.703,19.842
HybridTier,101.703,19.92
HybridTier,102.703,20.0847
HybridTier,103.703,20.0067
HybridTier,104.703,20.2327
HybridTier,105.703,20.1113
HybridTier,106.703,20.2413
HybridTier,107.704,20.172
HybridTier,108.704,20.1287
HybridTier,109.704,19.8687
HybridTier,110.704,19.834
HybridTier,111.704,19.8947
HybridTier,112.704,19.9987
HybridTier,113.704,20.042
HybridTier,114.704,19.8513
HybridTier,115.704,19.7647
HybridTier,116.704,19.5047
HybridTier,117.705,19.4787
HybridTier,118.705,19.5133
HybridTier,119.705,19.4953
HybridTier,120.705,19.66
HybridTier,121.705,19.5387
HybridTier,122.705,19.6167
HybridTier,123.705,19.3047
HybridTier,124.705,19.5993
HybridTier,125.705,19.5907
HybridTier,126.706,19.6947
HybridTier,127.706,19.6773
HybridTier,128.706,19.8247
HybridTier,129.706,19.9633
HybridTier,130.706,20.0067
HybridTier,131.706,20.2233
HybridTier,132.706,20.38
HybridTier,133.706,20.3367
HybridTier,134.707,20.2413
HybridTier,135.707,20.3027
HybridTier,136.707,20.6673
HybridTier,137.707,20.572
HybridTier,138.707,20.7973
HybridTier,139.707,20.5027
HybridTier,140.707,20.6153
HybridTier,141.707,20.39
HybridTier,142.707,20.156
HybridTier,143.708,20.0173
HybridTier,144.708,20.1827
HybridTier,145.708,20.0007
HybridTier,146.708,20.1573
HybridTier,147.708,20.0267
HybridTier,148.708,20.0267
HybridTier,149.708,19.862
HybridTier,150.708,19.6967
HybridTier,151.708,19.41
HybridTier,152.709,19.5227
HybridTier,153.709,19.4967
HybridTier,154.709,19.6093
HybridTier,155.709,19.4967
HybridTier,156.709,19.3493
HybridTier,157.709,19.436
HybridTier,158.709,19.5573
HybridTier,159.709,19.4093
HybridTier,160.71,19.5307
HybridTier,161.71,19.426
HybridTier,162.71,19.27
HybridTier,163.71,19.2873
HybridTier,164.71,19.426
HybridTier,165.71,19.4347
HybridTier,166.71,19.53
HybridTier,167.71,19.4347
HybridTier,168.71,19.6607
HybridTier,169.711,19.7213
HybridTier,170.711,19.73
HybridTier,171.711,20.0333
HybridTier,172.711,19.9813
HybridTier,173.711,19.7993
HybridTier,174.711,19.73
HybridTier,175.711,19.7213
HybridTier,176.711,19.496
HybridTier,177.712,19.748
HybridTier,178.712,19.6787
HybridTier,179.712,19.9653
HybridTier,180.712,19.9133
HybridTier,181.712,19.8093
HybridTier,182.712,19.714
HybridTier,183.712,19.5487
HybridTier,184.712,19.5573
HybridTier,185.713,19.67
HybridTier,186.713,19.5053
HybridTier,187.713,19.5747
HybridTier,188.713,19.722
HybridTier,189.713,19.7567
HybridTier,190.713,19.7653
HybridTier,191.713,19.8953
HybridTier,192.713,19.7127
HybridTier,193.713,19.678
HybridTier,194.714,19.4
HybridTier,195.714,19.3653
HybridTier,196.714,19.5567
HybridTier,197.714,19.6347
HybridTier,198.714,19.7653
HybridTier,199.714,19.8347
HybridTier,200.714,19.6873
HybridTier,201.714,19.8087
HybridTier,202.715,19.9647
HybridTier,203.715,20.2253
HybridTier,204.715,21.1713
HybridTier,205.715,21.9007
HybridTier,206.715,22.604
HybridTier,207.715,23.55
HybridTier,208.715,24.244
HybridTier,209.715,25.008
HybridTier,210.715,25.8847
HybridTier,211.716,26.232
HybridTier,212.716,27.1433
HybridTier,213.716,27.8633
HybridTier,214.716,28.784
HybridTier,215.716,29.7387
HybridTier,216.716,30.7547
HybridTier,217.716,31.4147
HybridTier,218.716,32.0307
HybridTier,219.717,32.2047
HybridTier,220.717,32.352
HybridTier,221.717,32.6033
HybridTier,222.717,32.586
HybridTier,223.717,32.9593
HybridTier,224.717,32.8033
HybridTier,225.717,32.812
HybridTier,226.717,33.124
HybridTier,227.718,32.942
HybridTier,228.718,32.994
HybridTier,229.718,33.124
HybridTier,230.718,33.0893
HybridTier,231.718,32.8807
HybridTier,232.718,32.9673
HybridTier,233.718,32.9327
HybridTier,234.718,32.5507
HybridTier,235.719,32.4727
HybridTier,236.719,32.438
HybridTier,237.719,32.3427
HybridTier,238.719,32.308
HybridTier,239.719,32.5507
HybridTier,240.719,32.5247
HybridTier,241.719,32.4813
HybridTier,242.719,32.6807
HybridTier,243.719,32.4727
HybridTier,244.72,32.3253
HybridTier,245.72,32.1
HybridTier,246.72,31.822
HybridTier,247.72,31.822
HybridTier,248.72,31.9173
HybridTier,249.72,32.0647
HybridTier,250.72,31.8827
HybridTier,251.72,31.8133
HybridTier,252.721,31.77
HybridTier,253.721,31.718
HybridTier,254.721,31.3793
HybridTier,255.721,31.4747
HybridTier,256.721,31.666
HybridTier,257.721,31.38
HybridTier,258.721,31.328
Memtis,-229.163,17.97
Memtis,-228.163,16.795
Memtis,-227.163,16.45
Memtis,-226.163,16.0475
Memtis,-225.163,16.198
Memtis,-224.163,16.3417
Memtis,-223.163,16.3514
Memtis,-222.162,16.7325
Memtis,-221.162,16.9278
Memtis,-220.162,17.019
Memtis,-219.162,17.0227
Memtis,-218.162,16.9608
Memtis,-217.162,16.8785
Memtis,-216.162,16.975
Memtis,-215.162,17.0933
Memtis,-214.162,16.8933
Memtis,-213.162,17.3453
Memtis,-212.162,17.4667
Memtis,-211.161,17.5453
Memtis,-210.161,17.658
Memtis,-209.161,17.684
Memtis,-208.161,17.7013
Memtis,-207.161,17.7707
Memtis,-206.161,17.762
Memtis,-205.161,17.562
Memtis,-204.161,17.6053
Memtis,-203.161,17.692
Memtis,-202.161,17.796
Memtis,-201.16,17.822
Memtis,-200.16,17.8047
Memtis,-199.16,18.0827
Memtis,-198.16,17.9173
Memtis,-197.16,17.9433
Memtis,-196.16,18.004
Memtis,-195.16,17.8827
Memtis,-194.16,17.926
Memtis,-193.159,18.0127
Memtis,-192.159,17.8393
Memtis,-191.159,17.8913
Memtis,-190.159,18.1347
Memtis,-189.159,18.2213
Memtis,-188.159,18.1607
Memtis,-187.159,18.3167
Memtis,-186.159,18.23
Memtis,-185.159,18.074
Memtis,-184.159,17.9613
Memtis,-183.158,17.944
Memtis,-182.158,18.0393
Memtis,-181.158,18.1693
Memtis,-180.158,18.3427
Memtis,-179.158,18.3253
Memtis,-178.158,18.282
Memtis,-177.158,18.386
Memtis,-176.158,18.4293
Memtis,-175.158,18.568
Memtis,-174.158,18.5853
Memtis,-173.157,18.568
Memtis,-172.157,18.3513
Memtis,-171.157,18.4033
Memtis,-170.157,18.49
Memtis,-169.157,18.3593
Memtis,-168.157,18.1773
Memtis,-167.157,18.1513
Memtis,-166.157,18.0647
Memtis,-165.157,18.212
Memtis,-164.157,18.394
Memtis,-163.156,18.5153
Memtis,-162.156,18.5413
Memtis,-161.156,18.576
Memtis,-160.156,18.3593
Memtis,-159.156,18.2987
Memtis,-158.156,18.5327
Memtis,-157.156,18.68
Memtis,-156.156,18.8967
Memtis,-155.156,18.9227
Memtis,-154.156,19.114
Memtis,-153.155,19.296
Memtis,-152.155,19.296
Memtis,-151.155,19.3653
Memtis,-150.155,19.27
Memtis,-149.155,19.2093
Memtis,-148.155,19.2267
Memtis,-147.155,18.9927
Memtis,-146.155,18.8453
Memtis,-145.154,18.8973
Memtis,-144.154,18.984
Memtis,-143.154,19.0013
Memtis,-142.154,19.0447
Memtis,-141.154,19.0447
Memtis,-140.154,19.2267
Memtis,-139.154,19.4087
Memtis,-138.154,19.2527
Memtis,-137.154,19.2267
Memtis,-136.154,19.2613
Memtis,-135.153,19.2353
Memtis,-134.153,19.4873
Memtis,-133.153,19.574
Memtis,-132.153,19.9293
Memtis,-131.153,20.0767
Memtis,-130.153,20.0853
Memtis,-129.153,20.0333
Memtis,-128.153,19.7733
Memtis,-127.153,19.808
Memtis,-126.153,19.73
Memtis,-125.152,19.6
Memtis,-124.152,19.496
Memtis,-123.152,19.6607
Memtis,-122.152,19.5653
Memtis,-121.152,19.548
Memtis,-120.152,19.5393
Memtis,-119.152,19.2267
Memtis,-118.152,19.114
Memtis,-117.152,19.0533
Memtis,-116.152,18.9407
Memtis,-115.151,19.3313
Memtis,-114.151,19.54
Memtis,-113.151,20.0173
Memtis,-112.151,20.1387
Memtis,-111.151,20.13
Memtis,-110.151,20.5207
Memtis,-109.151,20.7553
Memtis,-108.151,20.8507
Memtis,-107.151,20.9893
Memtis,-106.151,21.0933
Memtis,-105.15,21.1107
Memtis,-104.15,21.0587
Memtis,-103.15,21.076
Memtis,-102.15,21.1367
Memtis,-101.15,21.2667
Memtis,-100.15,21.2233
Memtis,-99.15,21.2667
Memtis,-98.15,21.2147
Memtis,-97.15,21.1367
Memtis,-96.15,20.9807
Memtis,-95.15,21.2673
Memtis,-94.149,23.5587
Memtis,-93.149,27.0227
Memtis,-92.149,32.118
Memtis,-91.149,37.1353
Memtis,-90.149,42.1787
Memtis,-89.149,47.3693
Memtis,-88.149,52.4993
Memtis,-87.149,57.4647
Memtis,-86.149,62.534
Memtis,-85.148,67.4033
Memtis,-84.148,72.2813
Memtis,-83.148,77.09
Memtis,-82.148,82.09
Memtis,-81.148,87.324
Memtis,-80.148,91.8547
Memtis,-79.148,94.45
Memtis,-78.148,95.9513
Memtis,-77.148,95.9687
Memtis,-76.148,95.9427
Memtis,-75.148,95.9253
Memtis,-74.147,95.934
Memtis,-73.147,95.8993
Memtis,-72.147,95.9167
Memtis,-71.147,95.908
Memtis,-70.147,95.882
Memtis,-69.147,95.934
Memtis,-68.147,96.0993
Memtis,-67.147,96.134
Memtis,-66.147,96.0647
Memtis,-65.146,96.004
Memtis,-64.146,96.0127
Memtis,-63.146,96.0213
Memtis,-62.146,96.0827
Memtis,-61.146,96.196
Memtis,-60.146,96.3613
Memtis,-59.146,96.266
Memtis,-58.146,96.3267
Memtis,-57.146,96.362
Memtis,-56.146,96.31
Memtis,-55.146,96.31
Memtis,-54.145,96.3187
Memtis,-53.145,96.3187
Memtis,-52.145,96.432
Memtis,-51.145,96.4753
Memtis,-50.145,96.3887
Memtis,-49.145,96.2847
Memtis,-48.145,96.276
Memtis,-47.145,96.2147
Memtis,-46.145,96.1707
Memtis,-45.144,96.1447
Memtis,-44.144,96.1967
Memtis,-43.144,96.1273
Memtis,-42.144,96.0573
Memtis,-41.144,96.0573
Memtis,-40.144,96.092
Memtis,-39.144,96.1273
Memtis,-38.144,95.9967
Memtis,-37.144,95.8833
Memtis,-36.144,95.8487
Memtis,-35.143,95.9353
Memtis,-34.143,96.066
Memtis,-33.143,96.118
Memtis,-32.143,96.1527
Memtis,-31.143,96.0313
Memtis,-30.143,95.9007
Memtis,-29.143,95.9787
Memtis,-28.143,96.022
Memtis,-27.143,96.0133
Memtis,-26.143,96.144
Memtis,-25.142,96.144
Memtis,-24.142,96.048
Memtis,-23.142,96.1087
Memtis,-22.142,96.2047
Memtis,-21.142,96.222
Memtis,-20.142,96.2827
Memtis,-19.142,96.1433
Memtis,-18.142,95.814
Memtis,-17.142,95.2413
Memtis,-16.142,94.8247
Memtis,-15.142,94.2693
Memtis,-14.141,93.766
Memtis,-13.141,93.0893
Memtis,-12.141,92.352
Memtis,-11.141,91.6053
Memtis,-10.141,90.8507
Memtis,-9.141,90.2087
Memtis,-8.141,89.4453
Memtis,-7.141,88.6467
Memtis,-6.141,87.9527
Memtis,-5.141,87.0933
Memtis,-4.14,86.2687
Memtis,-3.14,85.8347
Memtis,-2.14,85.5913
Memtis,-1.14,85.296
Memtis,-0.14,85.14
Memtis,0.86,79.36
Memtis,1.86,73.866
Memtis,2.86,68.4227
Memtis,3.86,62.8493
Memtis,4.861,57.3193
Memtis,5.861,51.746
Memtis,6.861,46.2853
Memtis,7.861,40.808
Memtis,8.861,35.2953
Memtis,9.861,29.992
Memtis,10.861,24.688
Memtis,11.861,19.2713
Memtis,12.861,13.89
Memtis,13.861,8.4387
Memtis,14.862,3.074
Memtis,15.862,3.1333
Memtis,16.862,3.1413
Memtis,17.862,3.1593
Memtis,18.862,3.2207
Memtis,19.862,3.3167
Memtis,20.862,3.43
Memtis,21.862,3.4127
Memtis,22.862,3.5253
Memtis,23.862,3.5953
Memtis,24.862,3.5433
Memtis,25.863,3.5607
Memtis,26.863,3.5693
Memtis,27.863,3.5867
Memtis,28.863,3.6913
Memtis,29.863,3.7087
Memtis,30.863,3.7787
Memtis,31.863,3.7873
Memtis,32.863,3.874
Memtis,33.863,3.8827
Memtis,34.863,3.874
Memtis,35.864,3.8133
Memtis,36.864,3.9007
Memtis,37.864,3.8313
Memtis,38.864,3.944
Memtis,39.864,3.9527
Memtis,40.864,4.1787
Memtis,41.864,4.274
Memtis,42.864,4.248
Memtis,43.864,4.3173
Memtis,44.865,4.274
Memtis,45.865,4.404
Memtis,46.865,4.4907
Memtis,47.865,4.4387
Memtis,48.865,4.4993
Memtis,49.865,4.5427
Memtis,50.865,4.6207
Memtis,51.865,4.794
Memtis,52.865,4.8287
Memtis,53.866,4.768
Memtis,54.866,4.8113
Memtis,55.866,4.5593
Memtis,56.866,4.5527
Memtis,57.866,7.912
Memtis,58.866,11.4447
Memtis,59.866,14.9167
Memtis,60.866,18.2847
Memtis,61.866,21.6267
Memtis,62.866,25.2893
Memtis,63.867,28.614
Memtis,64.867,31.93
Memtis,65.867,35.3933
Memtis,66.867,38.5707
Memtis,67.867,42.008
Memtis,68.867,45.4107
Memtis,69.867,48.8393
Memtis,70.867,52.442
Memtis,71.867,55.7907
Memtis,72.868,55.834
Memtis,73.868,55.938
Memtis,74.868,55.7647
Memtis,75.868,55.7213
Memtis,76.868,55.704
Memtis,77.868,55.3047
Memtis,78.868,55.096
Memtis,79.868,55.026
Memtis,80.868,55.156
Memtis,81.868,55.1127
Memtis,82.869,55.104
Memtis,83.869,54.9913
Memtis,84.869,55.2253
Memtis,85.869,55.26
Memtis,86.869,55.286
Memtis,87.869,55.2773
Memtis,88.869,55.0347
Memtis,89.869,55.2687
Memtis,90.869,55.234
Memtis,91.869,55.1733
Memtis,92.87,55.252
Memtis,93.87,55.3827
Memtis,94.87,55.574
Memtis,95.87,55.6
Memtis,96.87,55.5733
Memtis,97.87,55.2
Memtis,98.87,55.252
Memtis,99.87,54.844
Memtis,100.87,54.6707
Memtis,101.87,54.8267
Memtis,102.87,54.9047
Memtis,103.871,54.618
Memtis,104.871,54.6007
Memtis,105.871,54.7047
Memtis,106.871,54.574
Memtis,107.871,54.756
Memtis,108.871,54.9813
Memtis,109.871,54.9207
Memtis,110.871,54.5653
Memtis,111.871,54.748
Memtis,112.871,55.0607
Memtis,113.872,55.1213
Memtis,114.872,55.1913
Memtis,115.872,55.052
Memtis,116.872,54.9133
Memtis,117.872,54.7133
Memtis,118.872,54.8873
Memtis,119.872,54.6267
Memtis,120.872,54.436
Memtis,121.872,54.5147
Memtis,122.872,54.5147
Memtis,123.873,54.4107
Memtis,124.873,54.4367
Memtis,125.873,54.5407
Memtis,126.873,54.6707
Memtis,127.873,54.558
Memtis,128.873,54.5927
Memtis,129.873,54.6013
Memtis,130.873,54.532
Memtis,131.873,54.5147
Memtis,132.873,54.888
Memtis,133.874,55.0613
Memtis,134.874,55.1833
Memtis,135.874,55.2787
Memtis,136.874,55.4953
Memtis,137.874,55.5127
Memtis,138.874,55.3387
Memtis,139.874,55.3993
Memtis,140.874,55.278
Memtis,141.874,54.9653
Memtis,142.874,55.104
Memtis,143.875,55.1907
Memtis,144.875,55.2167
Memtis,145.875,55.738
Memtis,146.875,55.66
Memtis,147.875,55.5213
Memtis,148.875,55.1653
Memtis,149.875,55.0433
Memtis,150.875,54.9653
Memtis,151.875,54.818
Memtis,152.875,54.766
Memtis,153.876,55.1913
Memtis,154.876,55.0267
Memtis,155.876,55.1307
Memtis,156.876,55.2267
Memtis,157.876,55.3307
Memtis,158.876,55.2527
Memtis,159.876,55.2613
Memtis,160.876,54.9573
Memtis,161.876,54.8093
Memtis,162.876,54.9393
Memtis,163.877,55.1567
Memtis,164.877,55.3133
Memtis,165.877,55.3653
Memtis,166.877,55.452
Memtis,167.877,55.3567
Memtis,168.877,55.0707
Memtis,169.877,55.2007
Memtis,170.877,55.0967
Memtis,171.877,55.192
Memtis,172.877,55.0187
Memtis,173.878,55.0793
Memtis,174.878,54.914
Memtis,175.878,55.044
Memtis,176.878,55.1227
Memtis,177.878,54.9147
Memtis,178.878,54.9753
Memtis,179.878,54.7667
Memtis,180.878,54.8447
Memtis,181.878,54.7147
Memtis,182.878,54.8967
Memtis,183.878,54.836
Memtis,184.879,54.7753
Memtis,185.879,55.1653
Memtis,186.879,55.174
Memtis,187.879,55.0173
Memtis,188.879,54.9913
Memtis,189.879,55.3907
Memtis,190.879,55.356
Memtis,191.879,55.3733
Memtis,192.879,55.278
Memtis,193.88,55.226
Memtis,194.88,55.5473
Memtis,195.88,55.7473
Memtis,196.88,55.8427
Memtis,197.88,55.7127
Memtis,198.88,55.8513
Memtis,199.88,55.7293
Memtis,200.88,55.452
Memtis,201.88,55.3827
Memtis,202.881,55.7473
Memtis,203.881,55.7907
Memtis,204.881,55.6087
Memtis,205.881,55.5047
Memtis,206.881,55.5393
Memtis,207.881,55.574
Memtis,208.881,55.86
Memtis,209.881,55.7993
Memtis,210.881,55.53
Memtis,211.882,55.4953
Memtis,212.882,55.6427
Memtis,213.882,55.6947
Memtis,214.882,55.6513
Memtis,215.882,55.5387
Memtis,216.882,55.4173
Memtis,217.882,55.218
Memtis,218.882,55.0533
Memtis,219.882,54.9753
Memtis,220.882,54.9233
Memtis,221.882,54.9493
Memtis,222.883,55.036
Memtis,223.883,54.7067
Memtis,224.883,54.854
Memtis,225.883,54.9753
Memtis,226.883,54.7667
Memtis,227.883,54.602
